DomainName,IPAddress,Latitude,Longitude,DistanceTo,TTL,Time8B,Time64kB
facebook.com,69.171.230.68,51.5074,-0.127758,1191.07212937153,,,
twitter.com,104.244.42.65,37.7758,-122.4128,9371.44643286157,,,
google.com,195.95.178.82,44.5132,26.0806,994.996082768249,,,
youtube.com,195.95.178.110,44.5132,26.0806,994.996082768249,,,
wordpress.org,66.155.40.250,33.7516,-84.3915,7871.56575149886,,,
adobe.com,192.150.16.117,37.2872,-121.95,9404.12614215299,,,
blogspot.com,216.58.211.41,37.4192,-122.0574,9394.68873480664,,,
wikipedia.org,91.198.174.192,51.4988,3.611,932.878694199209,,,
linkedin.com,108.174.2.129,37.4192,-122.0574,9394.68873480664,,,
wordpress.com,192.0.78.9,37.7484,-122.4156,9374.32576416622,,,
yahoo.com,2001:4998:c:a06::2:4008,37.4172,-122.025,9393.70876487318,,,
amazon.com,54.239.25.192,39.0335,-77.4838,7021.30043237676,,,
flickr.com,69.147.76.173,37.4249,-122.0074,9392.28658453163,,,
pinterest.com,104.156.85.84,37.7697,-122.3933,9371.36157572122,,,
tumblr.com,66.6.41.30,40.7391,-73.9826,6675.3628284939,,,
w3.org,128.30.52.45,42.3646,-71.1028,6376.71030756176,,,
apple.com,17.178.96.59,37.3042,-122.0946,9407.69198603165,,,
myspace.com,63.135.90.70,34.0995,-118.4143,9587.8539145983,,,
vimeo.com,104.156.81.217,37.7697,-122.3933,9371.36157572122,,,
microsoft.com,191.239.213.197,53.3498,-6.26031,1598.76442625834,,,
youtu.be,195.95.178.103,44.5132,26.0806,994.996082768249,,,
qq.com,163.177.65.160,23.1167,113.25,8443.32317446227,,,
digg.com,184.169.154.67,37.3394,-121.895,9396.82870037617,,,
baidu.com,180.149.132.47,39.9289,116.3883,7237.08660546647,,,
stumbleupon.com,199.30.80.32,37.3961,-121.9617,9393.53191348664,,,
addthis.com,104.16.63.133,37.7697,-122.3933,9371.36157572122,,,
statcounter.com,104.20.3.47,37.7697,-122.3933,9371.36157572122,,,
feedburner.com,195.95.178.117,44.5132,26.0806,994.996082768249,,,
miibeian.gov.cn,miibeian.gov.cn,0,0,5904.19023439229,,,
delicious.com,54.191.106.34,45.7788,-119.529,8464.88012401601,,,
nytimes.com,170.149.161.130,40.7355,-74.1741,6687.32480145462,,,
reddit.com,198.41.209.139,37.7697,-122.3933,9371.36157572122,,,
weebly.com,74.115.50.109,37.7697,-122.3933,9371.36157572122,,,
bbc.co.uk,212.58.244.23,51.5176,-0.1612,1193.28921985841,,,
blogger.com,216.58.211.41,37.4192,-122.0574,9394.68873480664,,,
msn.com,23.101.196.141,37.7749,-122.4194,9371.77568149806,,,
macromedia.com,192.150.16.118,37.2872,-121.95,9404.12614215299,,,
goo.gl,195.95.178.82,44.5132,26.0806,994.996082768249,,,
instagram.com,52.0.227.212,39.0335,-77.4838,7021.30043237676,,,
gov.uk,23.235.37.144,37.7697,-122.3933,9371.36157572122,,,
icio.us,54.213.223.207,45.7788,-119.529,8464.88012401601,,,
yandex.ru,5.255.255.55,55.7363,37.5884,1449.72444022925,,,
cnn.com,157.166.226.26,33.749,-84.388,7871.57408883046,,,
webs.com,75.98.17.19,42.4246,-71.2465,6381.05663222635,,,
google.de,195.95.178.109,44.5132,26.0806,994.996082768249,,,
t.co,199.16.156.11,37.7697,-122.3933,9371.36157572122,,,
livejournal.com,208.93.0.150,37.7909,-122.4017,9369.51506618047,,,
imdb.com,207.171.166.22,39.0335,-77.4838,7021.30043237676,,,
mail.ru,217.69.139.201,52.6042,39.5334,1547.9630981185,,,
jimdo.com,62.116.130.8,49.0173,12.1004,421.31400618972,,,
sourceforge.net,216.34.181.60,38.65,-90.5334,7810.21370208301,,,
go.com,199.181.131.249,33.7866,-118.2987,9614.35173565699,,,
tinyurl.com,104.20.87.65,37.7697,-122.3933,9371.36157572122,,,
vk.com,2a00:bdc0:3:103:1:0:403:905,59.9459,30.3778,1288.56715129747,,,
google.co.jp,195.95.178.110,44.5132,26.0806,994.996082768249,,,
fc2.com,54.193.38.89,37.3394,-121.895,9396.82870037617,,,
free.fr,212.27.48.10,48.8712,2.32141,1078.60056741386,,,
joomla.org,72.29.124.146,38.6143,-90.4444,7808.35690359237,,,
creativecommons.org,104.20.78.18,37.7697,-122.3933,9371.36157572122,,,
typepad.com,104.16.106.123,37.7697,-122.3933,9371.36157572122,,,
networkadvertising.org,198.101.192.213,29.4889,-98.3987,9058.41938289093,,,
technorati.com,208.66.66.66,37.7796,-122.393,9370.346991414,,,
sina.com.cn,202.108.33.60,39.9289,116.3883,7237.08660546647,,,
hugedomains.com,216.38.220.22,39.7379,-104.985,8453.24568187216,,,
about.com,207.241.148.80,40.7605,-73.9933,6674.37662081263,,,
theguardian.com,104.156.85.67,37.7697,-122.3933,9371.36157572122,,,
yahoo.co.jp,183.79.135.206,34.85,137.3,8821.86511639832,,,
nih.gov,107.21.104.61,39.0335,-77.4838,7021.30043237676,,,
huffingtonpost.com,149.174.110.102,38.9658,-77.4817,7026.5375538557,,,
google.co.uk,195.95.178.95,44.5132,26.0806,994.996082768249,,,
mozilla.org,63.245.215.20,37.3885,-122.0741,9398.4067231215,,,
51.la,117.21.226.199,25.85,114.9333,8320.51876204565,,,
aol.com,149.174.110.102,38.9658,-77.4817,7026.5375538557,,,
ebay.com,66.211.181.123,37.2803,-121.9567,9405.06989056162,,,
ameblo.jp,180.233.142.129,35.685,139.7514,8865.16482895238,,,
wsj.com,205.203.140.65,40.749,-73.9865,6674.84248924571,,,
europa.eu,2a01:7080:24:100::361:1,51.2312,4.40464,879.555231671864,,,
taobao.com,140.205.220.96,30.2936,120.1614,8269.21458707361,,,
bing.com,204.79.197.200,47.6801,-122.1206,8360.40937684831,,,
rambler.ru,81.19.77.6,55.7522,37.6156,1451.7630427293,,,
guardian.co.uk,104.156.85.233,37.7697,-122.3933,9371.36157572122,,,
tripod.com,209.202.252.55,42.403,-71.259,6383.42307157126,,,
godaddy.com,97.74.104.218,33.6119,-111.8906,9354.63830841717,,,
issuu.com,174.129.235.52,39.0335,-77.4838,7021.30043237676,,,
gnu.org,208.118.235.148,42.3584,-71.0598,6374.53607913806,,,
geocities.com,98.137.201.117,37.4249,-122.0074,9392.28658453163,,,
slideshare.net,108.174.11.10,37.4192,-122.0574,9394.68873480664,,,
wix.com,107.154.110.17,39.1588,-75.4941,6890.17986831618,,,
mapquest.com,149.174.110.102,38.9658,-77.4817,7026.5375538557,,,
washingtonpost.com,192.33.31.56,37.4192,-122.0574,9394.68873480664,,,
homestead.com,108.167.135.50,29.8301,-95.4739,8863.20148732058,,,
reuters.com,206.132.6.134,38.65,-90.5334,7810.21370208301,,,
163.com,123.58.180.7,23.1167,113.25,8443.32317446227,,,
photobucket.com,209.17.68.100,39.7392,-104.9847,8453.11076232662,,,
forbes.com,63.240.4.179,40.8915,-73.9471,6661.52881044839,,,
clickbank.net,96.47.69.66,40.7089,-74.0012,6678.81267621231,,,
weibo.com,114.134.80.162,22.3467,114.112,8565.7095090249,,,
etsy.com,192.147.0.123,40.7029,-73.9894,6678.55189851396,,,
amazon.co.uk,178.236.6.251,53.3331,-6.2489,1598.02143235502,,,
dailymotion.com,195.8.215.136,48.8887,2.32781,1077.53084662976,,,
soundcloud.com,93.184.220.127,34.0188,-118.455,9597.56039110904,,,
usatoday.com,159.54.238.69,38.9358,-77.1621,7009.51235470439,,,
yelp.com,104.16.57.23,37.7697,-122.3933,9371.36157572122,,,
cnet.com,64.30.224.118,26.1882,-80.1711,8246.91386560614,,,
posterous.com,216.146.46.11,42.9885,-71.4652,6352.65549933133,,,
telegraph.co.uk,62.159.74.50,50.9375,6.96028,704.244952312649,,,
archive.org,207.241.224.2,37.7811,-122.4625,9372.70021606424,,,
google.fr,195.95.178.95,44.5132,26.0806,994.996082768249,,,
constantcontact.com,208.75.122.14,42.403,-71.259,6383.42307157126,,,
phoca.cz,213.211.34.110,49.2,16.6333,213.172885361796,,,
phpbb.com,140.211.15.244,45.1136,-122.9478,8646.0954116034,,,
latimes.com,192.187.93.86,41.9288,-87.6315,7373.23194939107,,,
e-recht24.de,46.231.88.229,50.8839,6.90004,709.032671702891,,,
rakuten.co.jp,133.237.48.124,35.4668,139.618,8879.14678102318,,,
amazon.de,176.32.108.185,53.3331,-6.2489,1598.02143235502,,,
opera.com,82.145.215.49,64.1333,-21.9333,2672.62690295704,,,
miitbeian.gov.cn,miitbeian.gov.cn,0,0,5904.19023439229,,,
php.net,72.52.91.14,37.5155,-121.8962,9379.05363645486,,,
scribd.com,185.31.17.175,52.2055,7.54486,665.490402798701,,,
bbb.org,108.168.185.244,38.8943,-77.4311,7029.1350527797,,,
parallels.com,199.115.111.134,47.4829,-122.2171,8383.33561060999,,,
ning.com,208.82.16.81,40.3929,-74.5412,6736.06693151895,,,
dailymail.co.uk,195.234.240.212,51.5015,-0.190615,1195.46103186004,,,
cdc.gov,198.246.102.49,33.749,-84.388,7871.57408883046,,,
sohu.com,220.181.90.20,39.9289,116.3883,7237.08660546647,,,
wikimedia.org,91.198.174.192,51.4988,3.611,932.878694199209,,,
deviantart.com,54.230.15.73,47.542,-122.3123,8380.40754561502,,,
mit.edu,2a02:26f0:5a:281::255e,51.5074,-0.127758,1191.07212937153,,,
sakura.ne.jp,210.224.168.100,35.6581,139.752,8867.71725055826,,,
altervista.org,144.76.174.167,49.1203,10.7798,497.069539868039,,,
addtoany.com,104.20.34.35,37.7697,-122.3933,9371.36157572122,,,
time.com,192.0.79.33,37.7484,-122.4156,9374.32576416622,,,
google.it,195.95.178.102,44.5132,26.0806,994.996082768249,,,
stanford.edu,171.67.215.200,37.4178,-122.172,9399.0065921675,,,
live.com,65.55.206.154,47.6801,-122.1206,8360.40937684831,,,
alibaba.com,205.204.101.42,37.3961,-121.9617,9393.53191348664,,,
squidoo.com,52.22.7.166,39.0335,-77.4838,7021.30043237676,,,
harvard.edu,54.236.202.112,39.0335,-77.4838,7021.30043237676,,,
gravatar.com,192.0.80.241,37.7484,-122.4156,9374.32576416622,,,
histats.com,174.36.232.136,38.8943,-77.4311,7029.1350527797,,,
nasa.gov,52.0.14.116,39.0335,-77.4838,7021.30043237676,,,
npr.org,216.35.221.76,38.65,-90.5334,7810.21370208301,,,
ca.gov,134.186.61.39,38.1239,-121.8161,9314.58952700666,,,
eventbrite.com,50.17.225.36,39.0335,-77.4838,7021.30043237676,,,
wired.com,107.23.243.205,39.0335,-77.4838,7021.30043237676,,,
amazon.co.jp,54.240.252.0,45.7788,-119.529,8464.88012401601,,,
nbcnews.com,50.204.7.20,29.7523,-95.367,8864.10275446618,,,
blog.com,195.170.168.6,41.1627,-8.6355,2248.81151302601,,,
amazonaws.com,207.171.166.22,39.0335,-77.4838,7021.30043237676,,,
bloomberg.com,69.191.212.191,40.7588,-73.968,6672.96234510938,,,
narod.ru,193.109.246.86,55.7522,37.6156,1451.7630427293,,,
blinklist.com,75.101.132.77,39.0335,-77.4838,7021.30043237676,,,
imageshack.us,208.94.0.44,37.2304,-121.9505,9409.89351291809,,,
kickstarter.com,54.230.200.34,47.542,-122.3123,8380.40754561502,,,
hatena.ne.jp,59.106.194.19,34.6864,135.52,8746.33772401527,,,
nifty.com,222.158.213.148,35.685,139.7514,8865.16482895238,,,
angelfire.com,209.202.252.41,42.403,-71.259,6383.42307157126,,,
google.es,195.95.178.123,44.5132,26.0806,994.996082768249,,,
ocn.ne.jp,ocn.ne.jp,0,0,5904.19023439229,,,
over-blog.com,195.20.13.121,43.5631,3.952,1290.52083304684,,,
dedecms.com,218.29.186.68,34.6836,113.5325,7493.41234569775,,,
google.ca,195.95.178.89,44.5132,26.0806,994.996082768249,,,
a8.net,203.190.224.112,1.29557,103.789,9668.4554529294,,,
weather.com,172.227.86.66,42.3626,-71.0843,6375.72552759532,,,
pbs.org,23.21.237.247,39.0335,-77.4838,7021.30043237676,,,
ibm.com,129.42.38.1,41.3246,-73.6976,6613.27534553639,,,
cpanel.net,208.74.121.51,29.7346,-95.416,8868.48246984529,,,
prweb.com,199.83.134.9,41.8826,-87.6292,7376.94988362507,,,
bandcamp.com,67.228.60.226,32.7813,-96.802,8672.11064829265,,,
barnesandnoble.com,208.53.33.118,40.322,-111.7467,8700.08974573686,,,
mozilla.com,63.245.213.24,37.3885,-122.0741,9398.4067231215,,,
noaa.gov,129.15.96.21,35.2523,-97.4603,8485.45956285009,,,
goo.ne.jp,153.254.147.65,35.685,139.7514,8865.16482895238,,,
comsenz.com,112.64.234.169,31.0456,121.3997,8279.49260448263,,,
xrea.com,103.242.31.11,34.6864,135.52,8746.33772401527,,,
cbsnews.com,170.20.0.19,40.7662,-73.9862,6673.50658907592,,,
foxnews.com,92.123.224.35,50.1109,8.68213,599.147476114032,,,
discuz.net,140.206.160.230,31.0456,121.3997,8279.49260448263,,,
eepurl.com,23.6.127.219,52.374,4.8897,847.029646542602,,,
businessweek.com,69.191.215.14,40.7588,-73.968,6672.96234510938,,,
berkeley.edu,169.229.216.200,37.8668,-122.2536,9356.4750358199,,,
newsvine.com,50.204.7.60,29.7523,-95.367,8864.10275446618,,,
bluehost.com,174.37.183.119,47.6061,-122.3318,8374.56706609113,,,
geocities.jp,geocities.jp,0,0,5904.19023439229,,,
loc.gov,140.147.249.7,38.8516,-76.8839,6999.24406418456,,,
yolasite.com,2400:cb00:2048:1::6810:68f9,48.8566,2.35222,1076.99358649955,,,
apache.org,140.211.11.105,41.8826,-87.6292,7376.94988362507,,,
mashable.com,23.219.162.32,42.3626,-71.0843,6375.72552759532,,,
usda.gov,162.79.29.12,40.524,-105.1396,8387.40000224114,,,
nationalgeographic.com,216.146.46.10,42.9885,-71.4652,6352.65549933133,,,
whitehouse.gov,23.203.227.166,42.3626,-71.0843,6375.72552759532,,,
tripadvisor.com,192.229.182.112,34.0119,-118.4682,9598.78554725025,,,
ted.com,52.22.62.233,39.0335,-77.4838,7021.30043237676,,,
sfgate.com,174.143.228.153,29.4889,-98.3987,9058.41938289093,,,
biglobe.ne.jp,49.129.31.76,35.685,139.7514,8865.16482895238,,,
epa.gov,134.67.21.34,35.8989,-78.8801,7358.13391799612,,,
vkontakte.ru,2a00:bdc0:4:10f:1:0:615:206,59.9459,30.3778,1288.56715129747,,,
oracle.com,137.254.120.50,37.5331,-122.2471,9390.0537662545,,,
seesaa.net,59.106.98.139,34.6864,135.52,8746.33772401527,,,
examiner.com,108.166.10.199,29.4889,-98.3987,9058.41938289093,,,
cornell.edu,128.253.173.248,42.4485,-76.4804,6694.45494193439,,,
hp.com,15.217.232.245,37.3762,-122.1826,9403.60692086428,,,
nps.gov,165.83.19.13,39.7379,-104.985,8453.24568187216,,,
disqus.com,104.156.81.134,37.7697,-122.3933,9371.36157572122,,,
alexa.com,54.235.82.60,39.0335,-77.4838,7021.30043237676,,,
mysql.com,137.254.60.6,37.5331,-122.2471,9390.0537662545,,,
house.gov,143.228.126.60,38.8933,-77.0146,7003.90467631432,,,
sphinn.com,208.80.6.168,37.9073,-122.282,9353.39696452318,,,
boston.com,185.31.17.153,52.2055,7.54486,665.490402798701,,,
techcrunch.com,192.0.79.32,37.7484,-122.4156,9374.32576416622,,,
un.org,157.150.34.32,40.7528,-73.9725,6673.69666465596,,,
squarespace.com,198.185.159.146,40.5021,-75.3765,6778.45765270839,,,
icq.com,178.237.20.20,55.7956,37.5433,1448.38316721012,,,
freewebs.com,75.98.17.24,42.4246,-71.2465,6381.05663222635,,,
ezinearticles.com,65.156.232.36,44.3906,-88.031,7190.9232221713,,,
ucoz.ru,217.199.217.120,55.7126,37.679,1454.71804186587,,,
independent.co.uk,195.234.240.19,51.5015,-0.190615,1195.46103186004,,,
mediafire.com,205.196.120.12,30.0983,-95.357,8832.48133559173,,,
xinhuanet.com,202.108.119.194,39.9289,116.3883,7237.08660546647,,,
google.nl,195.95.178.89,44.5132,26.0806,994.996082768249,,,
reverbnation.com,204.51.171.72,37.7898,-122.3942,9369.35610070507,,,
imgur.com,185.31.17.193,52.2055,7.54486,665.490402798701,,,
irs.gov,166.123.218.220,38.8951,-77.0364,7005.08866870607,,,
webnode.com,81.0.226.68,50.0833,14.4667,213.528604726674,,,
wunderground.com,38.102.136.104,42.2795,-83.7462,7128.22024993227,,,
bizjournals.com,65.213.146.70,35.2277,-80.8439,7533.35761603708,,,
who.int,158.232.12.119,46.1956,6.1481,966.33945084427,,,
soup.io,77.244.254.19,48.1865,16.3549,327.608463946089,,,
cloudflare.com,198.41.214.162,37.7697,-122.3933,9371.36157572122,,,
people.com.cn,180.210.234.56,39.9289,116.3883,7237.08660546647,,,
ustream.tv,23.235.37.204,37.7697,-122.3933,9371.36157572122,,,
senate.gov,104.89.34.235,52.374,4.8897,847.029646542602,,,
cbslocal.com,192.0.79.33,37.7484,-122.4156,9374.32576416622,,,
ycombinator.com,54.230.15.104,47.542,-122.3123,8380.40754561502,,,
opensource.org,173.246.99.8,39.2904,-76.6122,6948.1072959443,,,
spiegel.de,62.138.116.3,51.65,6.1833,754.841265756223,,,
oaic.gov.au,202.4.229.183,-33.8678,151.2073,15883.2500033533,,,
nature.com,199.168.13.77,40.7214,-74.0052,6678.09895710069,,,
businessinsider.com,23.235.37.64,37.7697,-122.3933,9371.36157572122,,,
drupal.org,199.27.76.68,37.7697,-122.3933,9371.36157572122,,,
last.fm,64.30.224.200,26.1882,-80.1711,8246.91386560614,,,
privacy.gov.au,202.4.229.183,-33.8678,151.2073,15883.2500033533,,,
skype.com,111.221.123.232,1.2931,103.8558,9673.33136467083,,,
wikia.com,104.156.85.194,37.7697,-122.3933,9371.36157572122,,,
about.me,54.236.167.30,39.0335,-77.4838,7021.30043237676,,,
webmd.com,208.93.170.15,40.7421,-74.0018,6676.30518741504,,,
youku.com,101.227.10.19,31.0456,121.3997,8279.49260448263,,,
gmpg.org,66.155.40.24,33.7516,-84.3915,7871.56575149886,,,
fda.gov,63.80.4.10,36.9644,-120.6532,9388.49589493976,,,
redcross.org,209.62.148.51,38.9879,-76.5454,6967.85873437386,,,
github.com,192.30.252.130,37.7697,-122.3933,9371.36157572122,,,
cbc.ca,2.22.23.82,49.8043,3.23862,985.688273217814,,,
umich.edu,141.211.243.44,42.3241,-83.7113,7122.64298030701,,,
jugem.jp,210.172.182.98,35.6581,139.752,8867.71725055826,,,
shinystat.com,195.210.96.84,44.2976,8.4645,990.253968117696,,,
google.com.br,195.95.178.89,44.5132,26.0806,994.996082768249,,,
ifeng.com,210.51.19.61,39.9289,116.3883,7237.08660546647,,,
mac.com,17.146.233.11,37.3042,-122.0946,9407.69198603165,,,
wiley.com,208.215.179.146,40.749,-73.9865,6674.84248924571,,,
discovery.com,54.173.117.23,39.0335,-77.4838,7021.30043237676,,,
topsy.com,52.24.240.152,45.7788,-119.529,8464.88012401601,,,
paypal.com,66.211.169.3,37.377,-121.923,9394.04918198159,,,
google.cn,74.125.133.160,37.4192,-122.0574,9394.68873480664,,,
surveymonkey.com,75.98.93.51,37.3961,-121.9617,9393.53191348664,,,
moonfruit.com,54.229.133.33,53.3331,-6.2489,1598.02143235502,,,
dropbox.com,108.160.172.232,37.7697,-122.3933,9371.36157572122,,,
exblog.jp,180.235.96.29,35.685,139.7514,8865.16482895238,,,
google.pl,195.95.178.96,44.5132,26.0806,994.996082768249,,,
prnewswire.com,208.80.56.11,37.7749,-122.4194,9371.77568149806,,,
ft.com,216.146.46.11,42.9885,-71.4652,6352.65549933133,,,
uol.com.br,200.221.2.45,-23.5701,-46.6915,10366.5611699306,,,
behance.net,74.205.63.94,29.4889,-98.3987,9058.41938289093,,,
goodreads.com,176.32.102.208,39.0335,-77.4838,7021.30043237676,,,
netvibes.com,193.189.143.34,48.868,2.36642,1075.60025839072,,,
auda.org.au,203.29.5.141,-37.8274,145.009,15732.1111645399,,,
marketwatch.com,205.203.139.53,40.749,-73.9865,6674.84248924571,,,
ed.gov,165.224.212.39,38.8927,-76.943,6999.59464350847,,,
networksolutions.com,205.178.187.13,30.1438,-81.5401,8000.02080029179,,,
state.gov,72.166.186.151,39.0335,-77.4838,7021.30043237676,,,
sitemeter.com,63.135.90.236,34.0995,-118.4143,9587.8539145983,,,
liveinternet.ru,88.212.196.87,55.7496,37.6237,1452.19703835132,,,
ftc.gov,216.128.241.174,33.3413,-112.0598,9388.55535704226,,,
census.gov,148.129.75.218,38.8324,-76.9084,7002.253953941,,,
quantcast.com,192.184.70.150,37.7758,-122.4128,9371.44643286157,,,
economist.com,216.239.34.21,37.4192,-122.0574,9394.68873480664,,,
nydailynews.com,104.156.81.64,37.7697,-122.3933,9371.36157572122,,,
zdnet.com,50.112.160.88,45.7788,-119.529,8464.88012401601,,,
cafepress.com,192.16.31.61,34.0119,-118.4682,9598.78554725025,,,
ow.ly,54.183.130.144,37.3394,-121.895,9396.82870037617,,,
meetup.com,104.16.28.30,37.7697,-122.3933,9371.36157572122,,,
netscape.com,149.174.107.97,38.9658,-77.4817,7026.5375538557,,,
chicagotribune.com,192.187.77.17,41.9288,-87.6315,7373.23194939107,,,
theatlantic.com,192.33.31.52,37.4192,-122.0574,9394.68873480664,,,
google.com.au,195.95.178.117,44.5132,26.0806,994.996082768249,,,
1688.com,110.75.69.141,30.2936,120.1614,8269.21458707361,,,
skyrock.com,91.203.187.78,48.8652,2.34985,1076.84776339406,,,
list-manage.com,205.201.132.96,33.749,-84.388,7871.57408883046,,,
pagesperso-orange.fr,193.252.122.54,48.8311,2.26625,1083.86460392755,,,
cdbaby.com,70.102.112.164,45.5848,-122.9117,8597.22958410708,,,
friendfeed.com,173.252.88.66,37.459,-122.1781,9395.05470078656,,,
ehow.com,23.227.11.12,34.0256,-118.4716,9597.55659181381,,,
patch.com,50.56.4.27,29.4889,-98.3987,9058.41938289093,,,
upenn.edu,upenn.edu,0,0,5904.19023439229,,,
engadget.com,149.174.107.97,38.9658,-77.4817,7026.5375538557,,,
diigo.com,54.148.192.94,45.7788,-119.529,8464.88012401601,,,
com.com,208.73.211.81,34.0453,-118.2413,9586.21350793184,,,
slashdot.org,216.34.181.45,38.65,-90.5334,7810.21370208301,,,
washington.edu,128.95.155.197,47.6606,-122.2919,8367.81146939408,,,
columbia.edu,128.59.105.24,40.8006,-73.9653,6669.59644115546,,,
nhs.uk,94.245.104.73,51.5085,-0.125487,1190.90574844225,,,
abc.net.au,203.2.218.214,-33.8678,151.2073,15883.2500033533,,,
elegantthemes.com,192.124.249.9,33.6831,-117.17,9578.02054349353,,,
utexas.edu,128.83.40.147,30.2961,-97.7369,8948.30594630894,,,
yale.edu,130.132.35.53,41.3094,-72.924,6567.23479592363,,,
marriott.com,184.85.66.150,42.3626,-71.0843,6375.72552759532,,,
bigcartel.com,66.209.77.199,36.0781,-115.2124,9259.46606317363,,,
ucla.edu,128.97.27.37,33.7866,-118.2987,9614.35173565699,,,
usgs.gov,2001:49c8:4000:140c::42,38.9472,-77.3675,7021.08364008565,,,
jigsy.com,70.33.222.6,49.3163,-124.3194,8262.40565657567,,,
hexun.com,123.150.92.24,39.1422,117.1767,7347.19867484637,,,
hubpages.com,141.101.127.243,37.7802,-122.391,9370.2140074783,,,
slate.com,54.221.253.196,39.0335,-77.4838,7021.30043237676,,,
purevolume.com,69.80.200.244,38.7439,-121.2558,9231.55982565443,,,
umn.edu,134.84.119.107,44.9759,-93.2166,7410.99361392004,,,
bloglines.com,38.127.224.164,37.3338,-121.8915,9397.26710703838,,,
so-net.ne.jp,210.139.248.1,34.8177,139.062,8912.69757724881,,,
wikispaces.com,208.43.192.33,32.7813,-96.802,8672.11064829265,,,
cargocollective.com,64.49.225.181,29.4889,-98.3987,9058.41938289093,,,
howstuffworks.com,54.210.18.150,39.0335,-77.4838,7021.30043237676,,,
plala.or.jp,60.43.62.5,35.694,139.754,8864.44667700672,,,
infoseek.co.jp,133.237.60.108,35.4668,139.618,8879.14678102318,,,
jiathis.com,210.14.139.144,39.9289,116.3883,7237.08660546647,,,
usnews.com,208.77.248.169,38.9599,-77.3428,7018.57876950114,,,
xing.com,109.233.157.1,53.5557,9.98808,550.777783539483,,,
flavors.me,85.133.69.198,51.5144,-0.0941,1188.68876967568,,,
desdev.cn,118.126.10.70,31.0456,121.3997,8279.49260448263,,,
hc360.com,123.103.77.18,39.904,116.408,7240.2562390878,,,
usa.gov,173.252.148.104,39.9523,-75.1638,6808.14600404617,,,
edublogs.org,104.16.0.23,37.7697,-122.3933,9371.36157572122,,,
lycos.com,209.202.251.2,42.403,-71.259,6383.42307157126,,,
wisc.edu,144.92.9.70,43.0761,-89.4104,7373.78629658643,,,
thetimes.co.uk,143.252.148.217,51.541,-0.143901,1191.89408227437,,,
state.tx.us,state.tx.us,0,0,5904.19023439229,,,
example.com,93.184.216.34,42.1508,-70.8228,6375.38107892051,,,
shareasale.com,104.16.127.51,37.7697,-122.3933,9371.36157572122,,,
biblegateway.com,50.16.229.208,39.0335,-77.4838,7021.30043237676,,,
is.gd,104.28.29.76,37.7697,-122.3933,9371.36157572122,,,
yellowbook.com,64.199.226.142,42.0245,-91.662,7582.44343438772,,,
samsung.com,211.45.27.231,37.5003,127.037,8043.60827373513,,,
businesswire.com,204.8.173.179,37.7909,-122.4017,9369.51506618047,,,
g.co,195.95.178.117,44.5132,26.0806,994.996082768249,,,
dion.ne.jp,dion.ne.jp,0,0,5904.19023439229,,,
dagondesign.com,207.58.131.42,38.9311,-77.3489,7021.22996209457,,,
theglobeandmail.com,199.198.138.250,43.6404,-79.3995,6772.62463145073,,,
booking.com,5.57.16.220,51.5085,-0.125487,1190.90574844225,,,
storify.com,54.230.12.50,47.542,-122.3123,8380.40754561502,,,
salon.com,54.229.0.170,53.3331,-6.2489,1598.02143235502,,,
ucoz.com,213.174.157.200,39.0335,-77.4838,7021.30043237676,,,
gizmodo.com,104.156.85.129,37.7697,-122.3933,9371.36157572122,,,
psu.edu,146.186.157.8,40.8077,-77.8614,6904.05258215625,,,
smh.com.au,54.252.217.151,-33.8603,151.2016,15882.3019533557,,,
reference.com,66.235.120.211,37.8113,-122.3008,9363.80492713966,,,
sun.com,156.151.59.35,37.5331,-122.2471,9390.0537662545,,,
unicef.org,57.69.14.59,40.7128,-74.0059,6678.800778077,,,
devhub.com,166.78.40.223,29.4889,-98.3987,9058.41938289093,,,
artisteer.com,69.167.177.19,42.7257,-84.636,7141.95698258505,,,
unesco.org,193.242.192.41,48.8592,2.3417,1077.62785155884,,,
istockphoto.com,74.113.154.33,51.0272,-114.0349,7759.18449827648,,,
answers.com,67.196.156.65,40.8221,-74.4564,6697.87503295537,,,
trellian.com,103.224.182.21,-37.9867,145.035,15744.6517870442,,,
cocolog-nifty.com,cocolog-nifty.com,0,0,5904.19023439229,,,
i2i.jp,54.249.100.115,35.685,139.7514,8865.16482895238,,,
t-online.de,62.153.159.92,49.8647,8.62546,610.14962213012,,,
intel.com,198.175.116.54,37.3541,-121.9552,9397.5452176417,,,
1und1.de,217.160.72.6,50.0748,8.75573,595.024378519465,,,
ebay.co.uk,66.135.211.132,37.2803,-121.9567,9405.06989056162,,,
sciencedaily.com,199.83.132.70,39.0335,-77.4838,7021.30043237676,,,
paginegialle.it,212.48.3.250,45.4643,9.1895,853.182412081154,,,
ask.com,66.235.120.127,37.8113,-122.3008,9363.80492713966,,,
springer.com,62.50.45.35,52.782,-0.169098,1190.91767113284,,,
canalblog.com,195.137.184.103,43.6134,1.08126,1456.81681413311,,,
timesonline.co.uk,143.252.148.211,51.541,-0.143901,1191.89408227437,,,
de.vu,188.40.117.12,49.0976,12.4869,393.233264906993,,,
deliciousdays.com,80.67.17.218,48.2321,11.7068,498.404053247867,,,
smugmug.com,52.4.71.155,39.0335,-77.4838,7021.30043237676,,,
wufoo.com,75.98.93.66,37.3961,-121.9617,9393.53191348664,,,
globo.com,186.192.90.5,-22.9083,-43.1971,10107.3161090871,,,
cmu.edu,128.2.42.10,40.4439,-79.9561,7057.00196054518,,,
domainmarket.com,174.137.132.100,40.7276,-73.6344,6654.96044062534,,,
odnoklassniki.ru,217.20.147.94,55.6807,37.6678,1453.29705614928,,,
twitpic.com,173.236.110.98,41.8825,-87.6441,7377.77622675996,,,
ovh.net,213.186.33.6,50.6917,3.20014,969.76126550313,,,
home.pl,212.85.96.1,53.4328,14.556,309.30569276041,,,
naver.com,202.179.177.22,37.3827,127.119,8058.35936661505,,,
google.ru,195.95.178.123,44.5132,26.0806,994.996082768249,,,
si.edu,160.111.244.224,38.8749,-77.0325,7006.44883419292,,,
newyorker.com,104.156.81.239,37.7697,-122.3933,9371.36157572122,,,
blogs.com,190.93.244.47,37.3394,-121.895,9396.82870037617,,,
sciencedirect.com,198.81.200.2,39.6182,-84.2488,7374.11361197032,,,
hibu.com,72.21.92.49,34.0119,-118.4682,9598.78554725025,,,
hud.gov,2620:0:c92::167:13,38.8835,-77.0227,7005.1724373306,,,
hhs.gov,52.7.111.176,39.0335,-77.4838,7021.30043237676,,,
dmoz.org,207.200.74.38,37.4284,-122.072,9394.28969097896,,,
dot.gov,dot.gov,0,0,5904.19023439229,,,
cyberchimps.com,69.16.195.23,42.7257,-84.636,7141.95698258505,,,
google.com.hk,195.95.178.110,44.5132,26.0806,994.996082768249,,,
jalbum.net,94.254.121.130,59.3293,18.0686,917.336891366948,,,
craigslist.org,208.82.238.129,37.7607,-122.4842,9375.55085923441,,,
zimbio.com,104.156.85.175,37.7697,-122.3933,9371.36157572122,,,
chronoengine.com,72.52.217.124,42.7257,-84.636,7141.95698258505,,,
cnbc.com,207.223.6.19,39.953,-75.1756,6808.81163616176,,,
uiuc.edu,192.17.13.36,40.1095,-88.2123,7557.55781121564,,,
vistaprint.com,54.173.9.132,39.0335,-77.4838,7021.30043237676,,,
symantec.com,155.64.49.54,37.312,-121.966,9402.20169990828,,,
prlog.org,174.129.23.171,39.0335,-77.4838,7021.30043237676,,,
360.cn,222.73.144.195,31.0456,121.3997,8279.49260448263,,,
indiatimes.com,223.165.27.13,28.4337,77.1026,5532.04215496861,,,
mtv.com,206.220.43.92,43.5647,-79.5852,6789.18991518093,,,
webeden.co.uk,82.145.39.185,51.5294,-0.725267,1232.07824231952,,,
java.com,104.86.190.240,52.374,4.8897,847.029646542602,,,
cisco.com,72.163.4.161,37.425,-121.946,9390.03279976852,,,
japanpost.jp,203.202.223.140,34.6864,135.52,8746.33772401527,,,
4shared.com,204.155.149.31,32.8343,-97.2289,8690.71852707924,,,
github.io,23.235.37.133,37.7697,-122.3933,9371.36157572122,,,
mayoclinic.com,129.176.217.6,44.0225,-92.4668,7454.05149389982,,,
studiopress.com,72.10.35.80,34.0202,-118.3928,9594.89049004806,,,
admin.ch,admin.ch,0,0,5904.19023439229,,,
virginia.edu,128.143.22.79,38.0329,-78.5137,7163.50755595421,,,
printfriendly.com,104.154.39.167,37.4192,-122.0574,9394.68873480664,,,
mlb.com,209.102.213.14,40.7871,-74.3291,6692.81256254149,,,
omniture.com,66.235.132.91,40.3245,-111.9618,8708.95131484954,,,
simplemachines.org,66.71.247.134,33.7516,-84.3915,7871.56575149886,,,
dell.com,143.166.135.105,30.6568,-97.6026,8908.15136724688,,,
accuweather.com,207.242.93.24,40.7975,-77.9021,6907.27859255538,,,
princeton.edu,140.180.223.22,40.3756,-74.6597,6744.63086256663,,,
fotki.com,185.12.236.31,59.4422,24.8318,1049.29627189658,,,
comcast.net,69.252.80.75,39.934,-74.7485,6784.1914900712,,,
chron.com,174.143.228.153,29.4889,-98.3987,9058.41938289093,,,
nyu.edu,128.122.119.209,40.7317,-73.9885,6676.29002990136,,,
wp.com,192.0.78.25,37.7484,-122.4156,9374.32576416622,,,
merriam-webster.com,38.69.47.251,41.8826,-87.6292,7376.94988362507,,,
nba.com,157.166.249.247,33.749,-84.388,7871.57408883046,,,
shop-pro.jp,210.157.19.63,35.685,139.7514,8865.16482895238,,,
lulu.com,216.27.62.241,34.7888,-92.4127,8249.89812234075,,,
furl.net,72.26.232.201,37.3338,-121.8915,9397.26710703838,,,
indiegogo.com,50.56.16.232,29.4889,-98.3987,9058.41938289093,,,
buzzfeed.com,75.101.132.179,39.0335,-77.4838,7021.30043237676,,,
tuttocitta.it,212.48.3.222,45.4643,9.1895,853.182412081154,,,
ox.ac.uk,129.67.242.155,51.7158,-1.2925,1269.51366132198,,,
mapy.cz,77.75.77.138,50.0715,14.4009,218.186419613173,,,
army.mil,army.mil,0,0,5904.19023439229,,,
csmonitor.com,50.57.23.79,29.4889,-98.3987,9058.41938289093,,,
bravesites.com,65.39.176.90,49.3163,-124.3194,8262.40565657567,,,
tamu.edu,165.91.22.70,30.6521,-96.341,8838.24122728692,,,
rediff.com,23.219.163.32,42.3626,-71.0843,6375.72552759532,,,
toplist.cz,88.86.101.2,50.7931,15.0365,143.981714065927,,,
yellowpages.com,208.93.105.173,34.1526,-118.2645,9576.46212550209,,,
va.gov,152.131.96.221,38.9008,-77.0351,7004.5588509476,,,
tiny.cc,192.241.240.89,40.749,-73.9865,6674.84248924571,,,
netlog.com,77.73.178.49,51.0535,3.72364,928.533693395808,,,
elpais.com,91.216.63.240,40.4165,-3.7026,1988.18666333518,,,
oakley.com,162.209.69.253,29.4889,-98.3987,9058.41938289093,,,
multiply.com,72.52.4.91,42.3626,-71.0843,6375.72552759532,,,
tmall.com,140.205.130.99,30.2936,120.1614,8269.21458707361,,,
hostgator.com,159.253.147.8,52.374,4.8897,847.029646542602,,,
nymag.com,23.235.37.204,37.7697,-122.3933,9371.36157572122,,,
fema.gov,173.252.133.166,39.9523,-75.1638,6808.14600404617,,,
blogtalkradio.com,8.14.83.67,40.0721,-74.2069,6740.352246049,,,
china.com.cn,202.130.245.42,39.9289,116.3883,7237.08660546647,,,
unblog.fr,87.98.153.48,50.6917,3.20014,969.76126550313,,,
fastcompany.com,50.19.211.157,39.0335,-77.4838,7021.30043237676,,,
earthlink.net,209.86.93.206,38.9822,-94.6708,8005.39430684178,,,
vinaora.com,66.147.240.159,40.2181,-111.6133,8704.42777148547,,,
msu.edu,35.9.15.49,42.7283,-84.4882,7133.49711030626,,,
aboutads.info,198.101.197.43,29.4889,-98.3987,9058.41938289093,,,
ucsd.edu,132.239.180.101,32.8807,-117.2359,9660.42236205492,,,
sogou.com,106.120.188.47,39.9289,116.3883,7237.08660546647,,,
seattletimes.com,54.231.176.147,45.7788,-119.529,8464.88012401601,,,
dyndns.org,204.13.248.116,43.0079,-71.495,6353.03344991367,,,
123-reg.co.uk,94.136.40.129,53.7839,-1.57344,1291.86043241579,,,
sbwire.com,148.163.88.134,36.7889,-114.1431,9144.61231765058,,,
tinypic.com,209.17.68.209,39.7392,-104.9847,8453.11076232662,,,
acquirethisname.com,69.64.157.84,47.6727,-122.1873,8363.27416001115,,,
shutterfly.com,136.179.236.70,33.3673,-111.9357,9380.38620390169,,,
walmart.com,161.170.244.20,36.3457,-94.2514,8214.85201942871,,,
pen.io,104.31.200.4,37.7697,-122.3933,9371.36157572122,,,
arizona.edu,128.196.128.233,32.2338,-110.95,9444.49745032855,,,
woothemes.com,192.0.66.3,37.7484,-122.4156,9374.32576416622,,,
scientificamerican.com,64.106.177.144,40.7209,-74.0468,6680.67696495654,,,
themeforest.net,23.33.1.231,52.374,4.8897,847.029646542602,,,
spotify.com,194.132.197.147,34.5098,135.441,8758.49479142539,,,
cam.ac.uk,131.111.150.25,52.2124,0.1534,1168.23267080064,,,
unc.edu,152.19.230.139,36.0525,-79.1077,7359.6333132416,,,
arstechnica.com,50.31.151.33,41.8776,-87.6272,7377.25615092337,,,
hao123.com,180.149.131.31,39.9289,116.3883,7237.08660546647,,,
illinois.edu,192.17.13.36,40.1095,-88.2123,7557.55781121564,,,
bloglovin.com,194.0.59.30,59.3243,18.0754,916.813303813846,,,
nsw.gov.au,203.3.232.71,-33.8794,151.2193,15884.9354222588,,,
ihg.com,184.50.171.213,52.374,4.8897,847.029646542602,,,
pcworld.com,70.42.185.10,37.7831,-122.393,9369.99212728749,,,
